{
  "hash": "45d43fe1",
  "configHash": "df717443",
  "lockfileHash": "ccc4f5cb",
  "browserHash": "aff83b3d",
  "optimized": {
    "@angular/common": {
      "src": "../../../../../../node_modules/@angular/common/fesm2022/common.mjs",
      "file": "@angular_common.js",
      "fileHash": "b758c77c",
      "needsInterop": false
    },
    "@angular/common/http": {
      "src": "../../../../../../node_modules/@angular/common/fesm2022/http.mjs",
      "file": "@angular_common_http.js",
      "fileHash": "08cee297",
      "needsInterop": false
    },
    "@angular/core": {
      "src": "../../../../../../node_modules/@angular/core/fesm2022/core.mjs",
      "file": "@angular_core.js",
      "fileHash": "e644d97a",
      "needsInterop": false
    },
    "@angular/forms": {
      "src": "../../../../../../node_modules/@angular/forms/fesm2022/forms.mjs",
      "file": "@angular_forms.js",
      "fileHash": "0c1749d6",
      "needsInterop": false
    },
    "@angular/platform-browser": {
      "src": "../../../../../../node_modules/@angular/platform-browser/fesm2022/platform-browser.mjs",
      "file": "@angular_platform-browser.js",
      "fileHash": "5d0078e9",
      "needsInterop": false
    },
    "@angular/router": {
      "src": "../../../../../../node_modules/@angular/router/fesm2022/router.mjs",
      "file": "@angular_router.js",
      "fileHash": "a00fbb70",
      "needsInterop": false
    },
    "zone.js": {
      "src": "../../../../../../node_modules/zone.js/fesm2015/zone.js",
      "file": "zone__js.js",
      "fileHash": "9c81791a",
      "needsInterop": true
    },
    "rxjs/operators": {
      "src": "../../../../../../node_modules/rxjs/dist/esm5/operators/index.js",
      "file": "rxjs_operators.js",
      "fileHash": "2682aabd",
      "needsInterop": false
    },
    "rxjs": {
      "src": "../../../../../../node_modules/rxjs/dist/esm5/index.js",
      "file": "rxjs.js",
      "fileHash": "02401a69",
      "needsInterop": false
    }
  },
  "chunks": {
    "chunk-463JC2GW": {
      "file": "chunk-463JC2GW.js"
    },
    "chunk-AOKS4ORR": {
      "file": "chunk-AOKS4ORR.js"
    },
    "chunk-RCCSAJTP": {
      "file": "chunk-RCCSAJTP.js"
    },
    "chunk-7DPHYZ4E": {
      "file": "chunk-7DPHYZ4E.js"
    },
    "chunk-7NO4HE7I": {
      "file": "chunk-7NO4HE7I.js"
    },
    "chunk-N2Y53VC3": {
      "file": "chunk-N2Y53VC3.js"
    },
    "chunk-6WM4KJML": {
      "file": "chunk-6WM4KJML.js"
    },
    "chunk-3T6W7NID": {
      "file": "chunk-3T6W7NID.js"
    },
    "chunk-WDMUDEB6": {
      "file": "chunk-WDMUDEB6.js"
    }
  }
}